﻿Designator,Quantity,Value,Footprint,Package,MPN,DNP,Mount_Type,Description,LCSC Part,Sim.Library,Sim.Name,Sim.Device,Sim.Pins
", ",2,,,,,,tht,,,,,,
C1,1,10pF,C_0805_2012Metric,,,,smt,"Unpolarized capacitor, small symbol",,,,,
"C10, C11, C12, C13",4,10nF,C_0805_2012Metric,,,,smt,"Unpolarized capacitor, small symbol",,,,,
C16,1,47nF,C_0805_2012Metric,,,,smt,"Unpolarized capacitor, small symbol",,,,,
C2,1,20nF,C_0805_2012Metric,,,,smt,"Unpolarized capacitor, small symbol",,,,,
"C3, R6",2,0,R0805,,,,smt,"[C3]Unpolarized capacitor, small symbol; [R6]Resistor, small US symbol",,,,,
C4,1,10uF,C_0805_2012Metric,,,,smt,"Unpolarized capacitor, small symbol",,,,,
"C5, C8",2,1uF,C_0805_2012Metric,,,,smt,"Unpolarized capacitor, small symbol",,,,,
C6,1,22pF,C_0805_2012Metric,,,,smt,"Unpolarized capacitor, small symbol",,,,,
C7,1,0.1uF,C_0805_2012Metric,,,,smt,"Unpolarized capacitor, small symbol",,,,,
C9,1,0.47uF,C_0805_2012Metric,,,,smt,"Unpolarized capacitor, small symbol",,,,,
"D1, D2",2,~,SOD-123_L2.8-W1.8-LS3.7-RD,,,,smt,"Schottky diode, filled shape",,,,,
J1,1,USB_B_Micro,MICRO-USB-SMD_5P-P0.65-H-F_105164-0001,,,,smt,USB Micro Type B connector,,,,,
J2,1,DF11,CONN-TH_DF11-4DP-2DSA-08,,,,tht,"Generic connector, double row, 02x02, counter clockwise pin numbering scheme (similar to DIP package numbering), script generated (kicad-library-utils/schlib/autogen/connector/)",,,,,
J3,1,Conn_Coaxial,SMA_Amphenol_901-144_Vertical,,,,tht,"coaxial connector (BNC, SMA, SMB, SMC, Cinch/RCA, LEMO, ...)",,,,,
L1,1,47uH,L1210,,,,smt,"Inductor, small symbol",,,,,
L2,1,BLM18BD252SN1D,L0603,,,,smt,,C77668,,,,
R1,1,249,R_0805_2012Metric,,,,smt,"Resistor, small US symbol",,,,,
R10,1,226k,R_0805_2012Metric,,,,smt,"Resistor, small US symbol",,,,,
"R11, R2, R3",3,10k,R_0805_2012Metric,,,,smt,"Resistor, small US symbol",,,,,
"R12, R13, R14",3,49.9,R_0805_2012Metric,,,,smt,"Resistor, small US symbol",,,,,
R15,1,47k,R_0805_2012Metric,,,,smt,"Resistor, small US symbol",,,,,
"R4, R5",2,100k,R_0805_2012Metric,,,,smt,"Resistor, small US symbol",,,,,
R7,1,24.9k,R_0805_2012Metric,,,,smt,"Resistor, small US symbol",,,,,
TP1,1,Amp Signal,TestPoint_Keystone_5000-5004_Miniature,,,,tht,test point,,,,,
TP2,1,PPS,TestPoint_Keystone_5000-5004_Miniature,,,,tht,test point,,,,,
TP3,1,GND,TestPoint_Keystone_5000-5004_Miniature,,,,tht,test point,,,,,
TP4,1,SiPM,TestPoint_Keystone_5000-5004_Miniature,,,,tht,test point,,,,,
TP5,1,V+ Bias,TestPoint_Keystone_5000-5004_Miniature,,,,tht,test point,,,,,
TP6,1,5V,TestPoint_Keystone_5000-5004_Miniature,,,,tht,test point,,,,,
TP7,1,Post FB,TestPoint_Keystone_5000-5004_Miniature,,,,tht,test point,,,,,
TP8,1,V+ Out,TestPoint_Keystone_5000-5004_Miniature,,,,tht,test point,,,,,
U2,1,LT3461ES6-TRPBF,TSOT-23_S6_LIT,,,,smt,,,,,,
U3,1,LT1807,MSOP-8_MS_LIT,,,,smt,Dual operational amplifier,,${KICAD7_SYMBOL_DIR}/Simulation_SPICE.sp,kicad_builtin_opamp_dual,SUBCKT,1=out1 2=in1- 3=in1+ 4=vee 5=in2+ 6=in2- 7=out2 8=vcc
U4,1,MICROFC-60035-SMT-TR,OPTO-SMD_4P-MICROFC-60035-SMT-TR,,,,smt,,C603293,,,,
