﻿pos_x,pos_y,rotation,side,designator,mpn,pack,footprint,value,mount_type
173.33,-142.78,0.0,top,,,,,,tht
93.33,-142.78,0.0,top,,,,,,tht
140.698775,-94.848775,45.0,bottom,C1,,,C_0805_2012Metric,10pF,smt
138.501498,-113.278502,-135.0,bottom,C10,,,C_0805_2012Metric,10nF,smt
134.193249,-108.916751,-135.0,bottom,C11,,,C_0805_2012Metric,10nF,smt
132.323249,-107.066751,-135.0,bottom,C12,,,C_0805_2012Metric,10nF,smt
130.403249,-105.146751,-135.0,bottom,C13,,,C_0805_2012Metric,10nF,smt
150.033014,-120.206516,135.0,bottom,C16,,,C_0805_2012Metric,47nF,smt
123.378775,-78.278775,45.0,bottom,C2,,,C_0805_2012Metric,20nF,smt
121.158775,-74.928775,135.0,bottom,C3,,,R0805,0,smt
132.666498,-79.958502,45.0,bottom,C4,,,C_0805_2012Metric,10uF,smt
154.136263,-117.203267,45.0,bottom,C5,,,C_0805_2012Metric,1uF,smt
150.179765,-124.459765,-135.0,bottom,C6,,,C_0805_2012Metric,22pF,smt
131.088249,-78.461751,45.0,bottom,C7,,,C_0805_2012Metric,0.1uF,smt
143.358014,-117.931516,-135.0,bottom,C8,,,C_0805_2012Metric,1uF,smt
148.283014,-122.656516,-135.0,bottom,C9,,,C_0805_2012Metric,0.47uF,smt
127.775,-84.125,135.0,bottom,D1,,,SOD-123_L2.8-W1.8-LS3.7-RD,~,smt
129.368775,-82.548775,-45.0,bottom,D2,,,SOD-123_L2.8-W1.8-LS3.7-RD,~,smt
171.32,-107.46,180.0,bottom,J1,,,MICRO-USB-SMD_5P-P0.65-H-F_105164-0001,USB_B_Micro,smt
170.96,-128.42,0.0,bottom,J2,,,CONN-TH_DF11-4DP-2DSA-08,DF11,tht
116.9,-59.55,0.0,bottom,J3,,,SMA_Amphenol_901-144_Vertical,Conn_Coaxial,tht
158.398228,-118.828225,135.0,bottom,L1,,,L1210,47uH,smt
146.663039,-119.686541,-45.0,bottom,L2,,,L0603,BLM18BD252SN1D,smt
137.951658,-97.746658,-135.0,bottom,R1,,,R_0805_2012Metric,249,smt
151.953249,-126.186281,-135.0,bottom,R10,,,R_0805_2012Metric,226k,smt
153.762779,-127.876751,-135.0,bottom,R11,,,R_0805_2012Metric,10k,smt
141.371498,-114.778502,-45.0,bottom,R12,,,R_0805_2012Metric,49.9,smt
136.933249,-110.376751,-45.0,bottom,R13,,,R_0805_2012Metric,49.9,smt
132.470235,-91.520235,135.0,bottom,R14,,,R_0805_2012Metric,49.9,smt
151.658014,-118.681516,135.0,bottom,R15,,,R_0805_2012Metric,47k,smt
138.30354,-92.49401,45.0,bottom,R2,,,R_0805_2012Metric,10k,smt
140.698775,-87.598775,-135.0,bottom,R3,,,R_0805_2012Metric,10k,smt
123.168775,-84.578775,135.0,bottom,R4,,,R_0805_2012Metric,100k,smt
125.648775,-80.588775,45.0,bottom,R5,,,R_0805_2012Metric,100k,smt
117.688,-71.552,135.0,bottom,R6,,,R0805,0,smt
117.984765,-76.665235,45.0,bottom,R7,,,R_0805_2012Metric,24.9k,smt
136.0,-63.75,0.0,top,TP1,,,TestPoint_Keystone_5000-5004_Miniature,Amp Signal,tht
128.2,-59.62,180.0,top,TP2,,,TestPoint_Keystone_5000-5004_Miniature,PPS,tht
170.36,-83.72,0.0,top,TP3,,,TestPoint_Keystone_5000-5004_Miniature,GND,tht
96.825,-94.15,0.0,top,TP4,,,TestPoint_Keystone_5000-5004_Miniature,SiPM,tht
96.925,-104.375,0.0,top,TP5,,,TestPoint_Keystone_5000-5004_Miniature,V+ Bias,tht
170.09,-92.06,0.0,top,TP6,,,TestPoint_Keystone_5000-5004_Miniature,5V,tht
123.25,-135.875,0.0,top,TP7,,,TestPoint_Keystone_5000-5004_Miniature,Post FB,tht
136.775,-135.95,0.0,top,TP8,,,TestPoint_Keystone_5000-5004_Miniature,V+ Out,tht
155.55031,-121.755307,135.0,bottom,U2,,,TSOT-23_S6_LIT,LT3461ES6-TRPBF,smt
133.773775,-87.448775,135.0,bottom,U3,,,MSOP-8_MS_LIT,LT1807,smt
132.825,-99.05,180.0,top,U4,,,OPTO-SMD_4P-MICROFC-60035-SMT-TR,MICROFC-60035-SMT-TR,smt
